{
  "id": "3366754",
  "name": "xsk的音乐",
  "font_family": "iconfont",
  "css_prefix_text": "icon-",
  "description": "",
  "glyphs": [
    {
      "icon_id": "4770734",
      "name": "上箭头",
      "font_class": "shangjiantou",
      "unicode": "e63a",
      "unicode_decimal": 58938
    },
    {
      "icon_id": "4770750",
      "name": "下箭头",
      "font_class": "xiajiantou",
      "unicode": "e63d",
      "unicode_decimal": 58941
    },
    {
      "icon_id": "807279",
      "name": "暂停",
      "font_class": "zanting1",
      "unicode": "e663",
      "unicode_decimal": 58979
    },
    {
      "icon_id": "1183034",
      "name": "删除",
      "font_class": "shanchu",
      "unicode": "e662",
      "unicode_decimal": 58978
    },
    {
      "icon_id": "6924515",
      "name": "播放队列",
      "font_class": "bofangduilie",
      "unicode": "e60b",
      "unicode_decimal": 58891
    },
    {
      "icon_id": "705711",
      "name": "暂停",
      "font_class": "zanting",
      "unicode": "e635",
      "unicode_decimal": 58933
    },
    {
      "icon_id": "7594048",
      "name": "24gl-play",
      "font_class": "24gl-play",
      "unicode": "ea6d",
      "unicode_decimal": 60013
    },
    {
      "icon_id": "880306",
      "name": "音乐",
      "font_class": "yinlemusic214",
      "unicode": "e617",
      "unicode_decimal": 58903
    },
    {
      "icon_id": "1314414",
      "name": "搜索",
      "font_class": "sousuo",
      "unicode": "e606",
      "unicode_decimal": 58886
    },
    {
      "icon_id": "1660747",
      "name": "云下载",
      "font_class": "yunxiazai",
      "unicode": "e62a",
      "unicode_decimal": 58922
    },
    {
      "icon_id": "1727445",
      "name": "213喜欢",
      "font_class": "xihuan1",
      "unicode": "e8c4",
      "unicode_decimal": 59588
    },
    {
      "icon_id": "2076215",
      "name": "音量",
      "font_class": "yinliang",
      "unicode": "e87a",
      "unicode_decimal": 59514
    },
    {
      "icon_id": "3734448",
      "name": "51耳机",
      "font_class": "erji",
      "unicode": "e638",
      "unicode_decimal": 58936
    },
    {
      "icon_id": "5387527",
      "name": "加号",
      "font_class": "jiahao",
      "unicode": "eaf3",
      "unicode_decimal": 60147
    },
    {
      "icon_id": "6345965",
      "name": "ellipsis",
      "font_class": "ellipsis",
      "unicode": "e608",
      "unicode_decimal": 58888
    },
    {
      "icon_id": "7593942",
      "name": "20gf-playlistMusic3",
      "font_class": "20gf-playlistMusic3",
      "unicode": "ea61",
      "unicode_decimal": 60001
    },
    {
      "icon_id": "8341784",
      "name": "上一首",
      "font_class": "shangyishou",
      "unicode": "e63c",
      "unicode_decimal": 58940
    },
    {
      "icon_id": "8341786",
      "name": "下一首",
      "font_class": "xiayishou",
      "unicode": "e63e",
      "unicode_decimal": 58942
    },
    {
      "icon_id": "9974783",
      "name": "播放",
      "font_class": "bofang",
      "unicode": "e717",
      "unicode_decimal": 59159
    },
    {
      "icon_id": "18166528",
      "name": "衣服,服装",
      "font_class": "clothes",
      "unicode": "e8c7",
      "unicode_decimal": 59591
    },
    {
      "icon_id": "27320992",
      "name": "顺序播放",
      "font_class": "shunxubofang",
      "unicode": "e603",
      "unicode_decimal": 58883
    },
    {
      "icon_id": "18418399",
      "name": "icon_arrow_left",
      "font_class": "icon_arrow_left",
      "unicode": "e62e",
      "unicode_decimal": 58926
    },
    {
      "icon_id": "18418400",
      "name": "icon_arrow_right",
      "font_class": "icon_arrow_right",
      "unicode": "e62f",
      "unicode_decimal": 58927
    },
    {
      "icon_id": "1282",
      "name": "列表",
      "font_class": "liebiao",
      "unicode": "e600",
      "unicode_decimal": 58880
    },
    {
      "icon_id": "577382",
      "name": "喜欢",
      "font_class": "xihuan",
      "unicode": "e761",
      "unicode_decimal": 59233
    },
    {
      "icon_id": "1029931",
      "name": "电台",
      "font_class": "diantai",
      "unicode": "e61b",
      "unicode_decimal": 58907
    },
    {
      "icon_id": "1149101",
      "name": "音乐2",
      "font_class": "yinle2",
      "unicode": "e6b2",
      "unicode_decimal": 59058
    },
    {
      "icon_id": "2742655",
      "name": "时间",
      "font_class": "shijian",
      "unicode": "e675",
      "unicode_decimal": 58997
    },
    {
      "icon_id": "7594865",
      "name": "24gf-folder",
      "font_class": "24gf-folder",
      "unicode": "eac4",
      "unicode_decimal": 60100
    },
    {
      "icon_id": "10882171",
      "name": "视频",
      "font_class": "shipin",
      "unicode": "e656",
      "unicode_decimal": 58966
    },
    {
      "icon_id": "11372758",
      "name": "点赞",
      "font_class": "dianzan",
      "unicode": "e8c3",
      "unicode_decimal": 59587
    }
  ]
}
